{"nodes":{"node:1":{"location":{"x":44,"y":-137}},"node:4":{"location":{"x":153,"y":-271}},"node:7":{"location":{"x":-16,"y":-64}}},"selection":null,"view":{"scroll":{"x":-88.9999847412109375,"y":0},"visible_rect":{"max":{"x":5.0000004768371582,"y":4.0000004768371582},"min":{"x":-0.999999940395355225,"y":0}},"zoom":88.9999923706054688}}