{"nodes":{"node:1":{"location":{"x":44,"y":-137}},"node:4":{"location":{"x":153,"y":-271}},"node:7":{"location":{"x":-22,"y":-48}}},"selection":["node:7"],"view":{"scroll":{"x":-1.39936923980712891,"y":-3.17870044708251953},"visible_rect":{"max":{"x":135096496,"y":198507296},"min":{"x":-72693856,"y":-165125824}},"zoom":1.92501712348303045e-08}}