{"nodes":{"node:1":{"location":{"x":-246,"y":-260}},"node:4":{"location":{"x":145,"y":-132}},"node:7":{"location":{"x":-166,"y":28}}},"selection":null,"view":{"scroll":{"x":-211.770050048828125,"y":-229.712081909179688},"visible_rect":{"max":{"x":429.639984130859375,"y":168.3839111328125},"min":{"x":-282.360107421875,"y":-306.282806396484375}},"zoom":0.749999940395355225}}