{"nodes":{"node:1":{"location":{"x":44,"y":-137}},"node:4":{"location":{"x":153,"y":-271}},"node:7":{"location":{"x":-16,"y":-64}}},"selection":["node:4"],"view":{"scroll":{"x":-134.714279174804688,"y":0},"visible_rect":{"max":{"x":6.53494644165039062,"y":7.0000004768371582},"min":{"x":-2.53494620323181152,"y":0}},"zoom":53.1428565979003906}}