{"nodes":{"node:1":{"location":{"x":44,"y":-137}},"node:4":{"location":{"x":153,"y":-271}},"node:7":{"location":{"x":-16,"y":-64}}},"selection":["node:4"],"view":{"scroll":{"x":-183.571441650390625,"y":0},"visible_rect":{"max":{"x":6.88116550445556641,"y":7},"min":{"x":-2.88116598129272461,"y":0}},"zoom":63.7142868041992188}}