{"nodes":{"node:1":{"location":{"x":44,"y":-137}},"node:4":{"location":{"x":153,"y":-271}},"node:7":{"location":{"x":-16,"y":-64}}},"selection":null,"view":{"scroll":{"x":-121.714286804199219,"y":0},"visible_rect":{"max":{"x":6.29032278060913086,"y":7.0000004768371582},"min":{"x":-2.29032278060913086,"y":0}},"zoom":53.1428565979003906}}