{"nodes":{"node:1":{"location":{"x":44,"y":-137}},"node:4":{"location":{"x":153,"y":-271}},"node:7":{"location":{"x":-16,"y":-64}}},"selection":["node:4"],"view":{"scroll":{"x":-218.772857666015625,"y":-172.969009399414062},"visible_rect":{"max":{"x":955.23382568359375,"y":554.639404296875},"min":{"x":-662.9481201171875,"y":-524.1485595703125}},"zoom":0.329999983310699463}}