{"nodes":{"node:1":{"location":{"x":44,"y":-137}},"node:4":{"location":{"x":153,"y":-271}},"node:7":{"location":{"x":-16,"y":-64}}},"selection":null,"view":{"scroll":{"x":-0.00936551764607429504,"y":-1.88481080532073975},"visible_rect":{"max":{"x":111511.796875,"y":90511.09375},"min":{"x":-2.29032254219055176,"y":-460.927520751953125}},"zoom":0.00408916966989636421}}