{"nodes":{"node:1":{"location":{"x":44,"y":-137}},"node:4":{"location":{"x":153,"y":-271}},"node:7":{"location":{"x":-16,"y":-64}}},"selection":["node:7"],"view":{"scroll":{"x":-127.0845947265625,"y":-534.28289794921875},"visible_rect":{"max":{"x":143.600997924804688,"y":-76.9664306640625},"min":{"x":-60.6465263366699219,"y":-254.967193603515625}},"zoom":2.09549665451049805}}