{"nodes":{"node:1":{"location":{"x":44,"y":-137}},"node:4":{"location":{"x":153,"y":-271}},"node:7":{"location":{"x":-16,"y":-64}}},"selection":["node:7"],"view":{"scroll":{"x":-124.999984741210938,"y":0},"visible_rect":{"max":{"x":5.76056385040283203,"y":4.0000004768371582},"min":{"x":-1.76056337356567383,"y":0}},"zoom":70.9999923706054688}}