{"nodes":{"node:1":{"location":{"x":44,"y":-137}},"node:4":{"location":{"x":153,"y":-271}},"node:7":{"location":{"x":-22,"y":-48}}},"selection":["node:7"],"view":{"scroll":{"x":-44.4692153930664062,"y":-252.331558227539062},"visible_rect":{"max":{"x":548.707763671875,"y":159.55792236328125},"min":{"x":-59.2922897338867188,"y":-336.44207763671875}},"zoom":0.75}}